Brand,Model
DSQUARED2,D2 0131
DSQUARED2,D2 0130
BOSS,BOSS 1630
BOSS,BOSS 1629
POLAROID KIDS,PLD D834
DSQUARED2,D2 0123
DSQUARED2,D2 0122
DSQUARED2,ICON 0019
DSQUARED2,D2 0136
DSQUARED2,D2 0121
DSQUARED2,ICON 0018
MARC JACOBS,MARC 725
TOMMY HILFIGER,TH 2090
TOMMY HILFIGER,TH 2092
MARC JACOBS,MJ 1103
MARC JACOBS,MARC 736
TOMMY HILFIGER,TH 2091
MOSCHINO,MOS635
MARC JACOBS,MARC 735
TOMMY HILFIGER,TH 2093
MISSONI,MIS 0167
MISSONI,MIS 0174
MISSONI,MIS 0166/G
MISSONI,MIS 0172
MISSONI,MIS 0173
MISSONI,MIS 0175
MARC JACOBS,MARC 746
MISSONI,MIS 0183
CAROLINA HERRERA,HER 0251/G
TOMMY HILFIGER,TH 2083
MARC JACOBS,MARC 745
DSQUARED2,D2 0125
DSQUARED2,D2 0133
MARC JACOBS,MARC 726
MARC JACOBS,MARC 677
MARC JACOBS,MARC 682
MARC JACOBS,MARC 464
MARC JACOBS,MARC 740
RAG & BONE,RNB7060/G
MISSONI,MIS 0180
MISSONI,MIS 0180
CAROLINA HERRERA,HER 0253
RAG & BONE,RNB7059/G
TOMMY HILFIGER,TH 2083
MARC JACOBS,MARC 677
MARC JACOBS,MARC 682
CARRERA,CARRERA 3021
CARRERA,CARRERA 3024
CARRERA,CARRERA 3025
MARC JACOBS,MARC 464
MOSCHINO,MOS634
DSQUARED2,D2 0125
M MISSONI,MMI 0182
M MISSONI,MMI 0181
MARC JACOBS,MARC 755
RAG & BONE,RNB3068/G
RAG & BONE,RNB3073
MARC JACOBS,MARC 754
RAG & BONE,RNB7061/G
M MISSONI,MMI 0183
BOSS,BOSS 1657
BOSS,BOSS 1658
CAROLINA HERRERA,HER 0252
RAG & BONE,RNB3070/G
BOSS,BOSS 1659
MOSCHINO,MOS634
MOSCHINO LOVE,MOL604
SEVENTH STREET,7A 121
SEVENTH STREET,7A 122
SEVENTH STREET,7A 591
SEVENTH STREET,7A 120
SEVENTH STREET,7A 117
MOSCHINO LOVE,MOL628/TN
UNDER ARMOUR,UA 9002
SEVENTH STREET,7A 114
SEVENTH STREET,7A 119
SEVENTH STREET,7A 115
BOSS,BOSS 1678/F
ISABEL MARANT,IM 0090
CARRERA,CARRERA 3021
MOSCHINO LOVE,MOL628/TN
UNDER ARMOUR,UA 9002
BOSS,BOSS 1678/F
BOSS,BOSS 1676/F
MOSCHINO LOVE,MOL604
MARC JACOBS,MARC 758
ISABEL MARANT,IM 0063
MARC JACOBS,MARC 759
CARRERA,CARRERA 3011
CARRERA,CARRERA 3010
DAVID BECKHAM,DB 1140
CARRERA,CARRERA 3009
M MISSONI,MMI 0175
M MISSONI,MMI 0172
M MISSONI,MMI 0174
DAVID BECKHAM,DB 7125
DAVID BECKHAM,DB 7020/FLAT
UNDER ARMOUR,UA 9013/G
SEVENTH STREET,7A 585
SEVENTH STREET,7A 586
TOMMY HILFIGER,TH 2107
HUGO,HG 1307
HUGO,HG 1308
CAROLINA HERRERA,HER 0227
HUGO,HG 1291
HUGO,HG 1288
HUGO,HG 1294
CAROLINA HERRERA,HER 0240
HUGO,HG 1300
HUGO,HG 1295
HUGO,HG 1290
HUGO,HG 1299
HUGO,HG 1289
CARRERA,VICTORY C 03/BB
CARRERA,VICTORY C 02/BB
CAROLINA HERRERA,HER 0239
HUGO,HG 1309
ISABEL MARANT,IM 0168
KATE SPADE,SULA/FJ
MISSONI,MIS 0177
KATE SPADE,COLLETTE/FJ
POLAROID,PLD D524/G
KATE SPADE,MCCOY/FJ
POLAROID,PLD D521/G
SEVENTH STREET,7A 586
SEVENTH STREET,7A 118
CARRERA,CARRERA 3034
TOMMY HILFIGER,TH 2081
BOSS,BOSS 1652
KATE SPADE,TULIP/FJ
ISABEL MARANT,IM 0161
CAROLINA HERRERA,HER 0223
HUGO,HG 1303
CAROLINA HERRERA,HER 0228
JUICY COUTURE,JU 251/G
CARRERA,CARRERA 4415
ISABEL MARANT,IM 0175
BOSS,BOSS 1663
CARRERA,CARRERA 3033
BOSS,BOSS 1666
CARRERA,CARRERA 3025
DSQUARED2,D2 0136
DSQUARED2,D2 0131
DSQUARED2,D2 0129
DSQUARED2,D2 0130
BOSS,BOSS 1658
BOSS,BOSS 1630
BOSS,BOSS 1629
POLAROID KIDS,PLD D834
DSQUARED2,D2 0123
DSQUARED2,D2 0125
DSQUARED2,D2 0122
DSQUARED2,ICON 0018
POLAROID KIDS,PLD D835
MARC JACOBS,MARC 741
MARC JACOBS,MARC 725
MOSCHINO,MOS633
MARC JACOBS,MARC 740
TOMMY HILFIGER,TH 2090
RAG & BONE,RNB7059/G
CARRERA,CARRERA 3040
TOMMY HILFIGER,TH 2070
TOMMY HILFIGER,TH 2072
CARRERA,VICTORY C 01/BB
CAROLINA HERRERA,HER 0246
BOSS,BOSS 1632
CAROLINA HERRERA,HER 0233
TOMMY HILFIGER,TH 2103
TOMMY HILFIGER,TH 2080
CAROLINA HERRERA,HER 0241
CAROLINA HERRERA,HER 0248
POLAROID,PLD D520
TOMMY HILFIGER,TH 2104
MOSCHINO,MOS632
BOSS,BOSS 1646
BOSS,BOSS 1645
MOSCHINO,MOS637
BOSS,BOSS 1664
MARC JACOBS,MARC 744/G
BOSS,BOSS 1677/F
MARC JACOBS,MARC 743/G
TOMMY HILFIGER,TH 2071
CAROLINA HERRERA,HER 0247
BOSS,BOSS 1679/F
TOMMY HILFIGER,TH 2069
CAROLINA HERRERA,HER 0231
CARRERA DUCATI,CARDUC 041
POLAROID,PLD D518
CARRERA DUCATI,CARDUC 040
CAROLINA HERRERA,HER 0219
CAROLINA HERRERA,HER 0232
BOSS,BOSS 1637
BOSS,BOSS 1676/F
ISABEL MARANT,IM 0063
MARC JACOBS,MARC 758
MARC JACOBS,MARC 759
TOMMY HILFIGER,TH 2113/F
CARRERA,CARRERA 3035
POLAROID KIDS,PLD D837
PIERRE CARDIN,P.C. 8883
M MISSONI,MMI 0184
FOSSIL,FOS 7173
BOSS,BOSS 1636
UNDER ARMOUR,UA 9013/G
SEVENTH STREET,7A 594
SEVENTH STREET,7A 116
KATE SPADE,SULA/FJ
MISSONI,MIS 0177
SEVENTH STREET,7A 585
UNDER ARMOUR,UA 5015/G
DAVID BECKHAM,DB 1152
CARRERA,CARRERA 3011
UNDER ARMOUR,UA 5064/G
DAVID BECKHAM,DB 1141
M MISSONI,MMI 0173
M MISSONI,MMI 0186
M MISSONI,MMI 0185
SEVENTH STREET,7A 593
SEVENTH STREET,7A 592
TOMMY HILFIGER,TH 2074
SEVENTH STREET,7A 117
SEVENTH STREET,7A 114
MOSCHINO LOVE,MOL628/TN
MARC JACOBS,MARC 758
ISABEL MARANT,IM 0063
MARC JACOBS,MARC 759
DAVID BECKHAM,DB 1148
DAVID BECKHAM,DB 1141
DAVID BECKHAM,DB 7123
M MISSONI,MMI 0186
M MISSONI,MMI 0185
M MISSONI,MMI 0173
SEVENTH STREET,7A 593
SEVENTH STREET,7A 592
FOSSIL,FOS 7173
TOMMY HILFIGER,TH 2074
PIERRE CARDIN,P.C. 8912
POLAROID KIDS,PLD D837
LEVI'S,LV 5055
PIERRE CARDIN,P.C. 6893
DAVID BECKHAM,DB 1140
CARRERA,CARRERA 3010
CARRERA,CARRERA 3009
M MISSONI,MMI 0176
M MISSONI,MMI 0175
DAVID BECKHAM,DB 7125
DAVID BECKHAM,DB 7020/FLAT
PIERRE CARDIN,P.C. 8912
TOMMY HILFIGER,TH 2115/F
UNDER ARMOUR,UA 9006
UNDER ARMOUR,UA 5016/G
RAG & BONE,RNB3046/G
CARRERA,CARRERA 3036
KATE SPADE,JERI
SEVENTH STREET,7A 108
BOSS,BOSS 1638
BOSS,BOSS 1643
BOSS,BOSS 1672/F
BOSS,BOSS 1670/F
BOSS,BOSS 1644
UNDER ARMOUR,UA 5016/G
KATE SPADE,STARLIE/FJ
KATE SPADE,COLLETTE/FJ
JUICY COUTURE,JU 254/G
JUICY COUTURE,JU 253/G
JUICY COUTURE,JU 252
JUICY COUTURE,JU 255/G
DAVID BECKHAM,DB 1152
UNDER ARMOUR,UA 5064/G
DAVID BECKHAM,DB 1141
M MISSONI,MMI 0173
M MISSONI,MMI 0186
SEVENTH STREET,7A 593
FOSSIL,FOS 7173
DAVID BECKHAM,DB 1148
TOMMY HILFIGER,TH 2074
PIERRE CARDIN,P.C. 8912
DAVID BECKHAM,DB 7123
TOMMY HILFIGER,TH 2113/F
LEVI'S,LV 5055
POLAROID KIDS,PLD D837
PIERRE CARDIN,P.C. 6893
UNDER ARMOUR,UA 9014/G
TOMMY HILFIGER,TH 2097
BOSS,BOSS 1636
SEVENTH STREET,7A 595
SEVENTH STREET,7A 594
UNDER ARMOUR,UA 5069/G
TOMMY HILFIGER,TH 2115/F
UNDER ARMOUR,UA 5071/G
CARRERA,CARRERA 3035
PIERRE CARDIN,P.C. 8883
SEVENTH STREET,7A 116
BOSS,BOSS 1633
M MISSONI,MMI 0184
DAVID BECKHAM,DB 1150
SEVENTH STREET,S 347
SEVENTH STREET,S 344
SEVENTH STREET,S 345
SEVENTH STREET,7A 596
POLAROID,PLD D530
MOSCHINO LOVE,MOL636
DSQUARED2,D2 0138
CARRERA,CARRERA 4414
DAVID BECKHAM,DB 1147
DAVID BECKHAM,DB 1154/F
TOMMY HILFIGER,TH 2109
FOSSIL,FOS 7171/G
MOSCHINO LOVE,MOL635
CARRERA,CARRERA 325
CARRERA,CARRERA 331
CARRERA,CARRERA 336
TOMMY HILFIGER,TH 2099
CARRERA,CARRERA 8906
MOSCHINO LOVE,MOL632
MOSCHINO LOVE,MOL631
FOSSIL,FOS 7174/G
POLAROID,PLD D529
CARRERA,CARRERA 4413
LEVI'S,LV 5053
MOSCHINO LOVE,MOL633
TOMMY HILFIGER,TH 2076
LEVI'S,LV 5063
TOMMY HILFIGER,TH 2114/F
LEVI'S,LV 5062
PIERRE CARDIN,P.C. 8913
KATE SPADE,CELESTINE
POLAROID,PLD D527
POLAROID,PLD D526
POLAROID,PLD D525
TOMMY HILFIGER,TH 2082
LEVI'S,LV 5053
PIERRE CARDIN,P.C. 8530
MOSCHINO LOVE,MOL632
PIERRE CARDIN,P.C. 8529
TOMMY HILFIGER,TH 2117/F
BOSS,BOSS 1675/F
PIERRE CARDIN,P.C. 8531
TOMMY HILFIGER,TH 2098
MOSCHINO LOVE,MOL634
CARRERA,VICTORY C 05
CARRERA,CARRERA 336
TOMMY HILFIGER,TH 2099
CARRERA,CARRERA 325
POLAROID,PLD D525
MOSCHINO LOVE,MOL631
FOSSIL,FOS 7175
FOSSIL,FOS 7174/G
MARC JACOBS,MJ 1100
LEVI'S,LV 5054
POLAROID,PLD D529
DSQUARED2,D2 0138
POLAROID,PLD D533
TOMMY HILFIGER,TH 2117/F
DAVID BECKHAM,DB 7124
CARRERA,CARRERA 4414
MOSCHINO LOVE,MOL634
DAVID BECKHAM,DB 1146
BOSS,BOSS 1665
BOSS,BOSS 1667
MARC JACOBS,MJ 1107
CARRERA,CARRERA 3039
LEVI'S,LV 1072
LEVI'S,LV 1073
LEVI'S,LV 1070
